variant_name,impressions,clicks,cost,device,location,user_segment,hour
B,1677,671,42.08,mobile,USA,new_user,19
C,4094,338,34.85,mobile,BRA,new_user,0
A,3744,1094,15.68,tablet,CAN,returning_user,5
C,3626,2927,22.49,desktop,DEU,free,23
B,275,1560,44.23,desktop,DEU,new_user,9
A,2428,2848,37.86,mobile,USA,premium,11
B,4287,427,44.83,mobile,BRA,free,3
A,1577,275,41.71,tablet,USA,new_user,11
C,3659,2561,42.8,desktop,CAN,free,15
C,945,1004,24.34,desktop,JPN,premium,10
A,4592,2149,5.74,tablet,USA,returning_user,12
B,3985,1668,1.46,desktop,BRA,free,23
A,1943,909,2.82,tablet,JPN,new_user,2
B,1212,2655,14.43,desktop,DEU,premium,1
C,801,1876,24.71,mobile,BRA,premium,12
B,4095,1093,3.15,tablet,DEU,premium,5
A,1777,908,31.59,desktop,JPN,returning_user,13
C,3832,31,48.79,mobile,USA,free,15
B,3471,2157,39.62,tablet,JPN,new_user,15
A,2483,10,23.74,desktop,JPN,returning_user,17
C,1806,2624,40.79,desktop,CAN,premium,9
B,1389,2043,48.38,desktop,CAN,free,23
A,2752,1196,48.62,mobile,BRA,new_user,12
B,1560,2859,29.85,tablet,BRA,free,18
C,1878,81,15.52,mobile,CAN,returning_user,15
A,671,1341,25.65,mobile,USA,new_user,22
B,1908,235,5.51,mobile,BRA,new_user,17
C,944,255,2.95,mobile,CAN,premium,10
B,4852,294,49.89,mobile,USA,new_user,3
C,2378,1232,34.81,mobile,CAN,premium,17
C,2979,2822,28.78,tablet,JPN,premium,6
A,4418,2060,35.76,mobile,USA,premium,16
C,3578,729,17.25,mobile,USA,premium,15
A,1049,1048,47.15,tablet,USA,returning_user,0
C,4151,2922,33.25,desktop,JPN,new_user,13
C,4633,724,30.71,desktop,USA,returning_user,17
A,4334,2197,47.23,tablet,DEU,free,1
C,1497,955,25.13,tablet,USA,new_user,22
A,4956,2743,43.24,tablet,CAN,new_user,2
B,4243,2771,41.39,tablet,JPN,premium,17
A,3684,1554,39.97,desktop,CAN,new_user,18
B,1550,2844,24.38,desktop,DEU,returning_user,20
C,4883,515,23.58,mobile,DEU,premium,22
A,884,1082,12.35,tablet,JPN,free,15
B,2890,309,11.71,mobile,CAN,new_user,11
B,2847,936,13.73,desktop,CAN,returning_user,3
C,4070,270,5.84,tablet,JPN,returning_user,1
A,1531,1766,35.63,tablet,BRA,premium,19
A,4468,808,39.71,tablet,BRA,free,5
C,190,2709,17.94,desktop,BRA,free,9
A,440,1573,31.53,mobile,DEU,returning_user,11
A,2862,1183,24.41,tablet,BRA,free,10
B,2118,2361,24.89,desktop,BRA,returning_user,6
A,2686,2861,33.47,desktop,DEU,premium,17
C,600,1147,27.95,desktop,BRA,returning_user,22
C,3857,168,19.04,mobile,USA,free,23
B,3782,2645,20.94,tablet,DEU,free,4
A,3085,676,19.95,mobile,CAN,free,19
A,2167,266,42.34,mobile,USA,premium,19
B,1316,985,42.61,desktop,USA,new_user,8
B,4039,805,29.1,mobile,CAN,premium,16
B,2813,2545,1.96,desktop,BRA,free,21
A,2315,28,0.81,desktop,USA,premium,21
B,598,1430,18.61,tablet,DEU,premium,1
C,675,116,11.76,desktop,DEU,premium,11
B,3475,2988,24.34,mobile,CAN,premium,4
C,2640,2252,13.8,tablet,CAN,premium,14
A,171,396,43.06,mobile,USA,premium,3
A,882,2420,47.24,mobile,USA,free,12
B,1348,192,27.34,desktop,JPN,free,17
C,2592,1233,10.14,tablet,DEU,free,13
A,2483,2978,49.74,desktop,CAN,free,13
A,4081,524,39.94,desktop,USA,free,19
C,2749,954,40.77,desktop,JPN,new_user,14
C,3940,97,22.3,desktop,CAN,premium,15
A,4302,1529,42.68,mobile,CAN,returning_user,18
A,857,1548,14.31,desktop,JPN,returning_user,9
A,3013,470,43.84,desktop,CAN,free,8
B,4282,2462,44.59,mobile,CAN,returning_user,10
B,3049,2890,9.47,tablet,DEU,new_user,16
A,1347,1521,37.66,desktop,DEU,returning_user,12
C,803,1707,49.37,desktop,BRA,premium,23
B,1144,1735,32.36,tablet,CAN,free,16
B,2943,949,27.34,mobile,BRA,new_user,1
B,692,1193,9.72,desktop,JPN,free,9
B,4265,2388,39.37,mobile,DEU,returning_user,18
A,4829,2615,10.53,tablet,BRA,premium,9
B,2367,2367,21.03,mobile,DEU,free,21
B,362,417,27.96,mobile,BRA,new_user,4
A,1023,404,38.29,tablet,DEU,free,22
A,4004,1476,35.02,mobile,DEU,premium,20
A,1531,2409,43.64,tablet,USA,free,22
C,916,652,36.52,desktop,USA,returning_user,22
A,4786,2279,23.4,desktop,JPN,free,13
C,224,1528,43.24,mobile,DEU,returning_user,15
B,1782,535,48.33,mobile,CAN,free,2
C,2826,2063,48.45,mobile,JPN,free,16
A,3196,2270,49.61,desktop,CAN,returning_user,12
B,4044,2664,19.03,tablet,USA,new_user,2
B,3171,2516,18.62,mobile,JPN,new_user,15
C,3730,1875,42.06,desktop,CAN,new_user,4
B,1675,301,42.01,tablet,CAN,returning_user,15
C,2695,1241,27.58,tablet,CAN,free,5
B,2158,1409,44.79,desktop,BRA,free,17
C,2023,70,27.43,tablet,USA,returning_user,0
B,337,153,18.86,mobile,JPN,returning_user,0
B,3341,1941,48.28,tablet,BRA,free,0
A,1391,289,45.17,mobile,USA,free,17
B,3515,2320,13.01,desktop,CAN,free,15
C,1065,574,8.46,desktop,BRA,returning_user,9
A,1616,1766,21.09,desktop,BRA,new_user,2
A,666,2094,40.71,tablet,BRA,free,20
B,3568,311,10.04,desktop,CAN,new_user,10
C,1196,635,32.13,mobile,JPN,new_user,16
B,2920,2085,12.93,tablet,CAN,free,13
B,4665,340,12.94,desktop,BRA,free,21
B,2512,116,35.85,mobile,DEU,free,18
A,3615,2400,39.13,desktop,DEU,returning_user,18
C,2960,2330,1.53,desktop,USA,free,17
A,1305,156,9.93,mobile,JPN,new_user,16
C,2551,1099,14.78,desktop,JPN,premium,23
C,2197,1119,44.74,desktop,USA,free,5
A,4496,1983,38.98,desktop,CAN,free,16
B,4043,2593,20.66,mobile,CAN,premium,6
A,384,2719,41.52,desktop,DEU,returning_user,4
A,2181,1266,29.48,desktop,BRA,premium,0
C,3659,1734,31.23,mobile,CAN,premium,7
A,2291,2995,33.97,desktop,CAN,returning_user,14
A,4266,2799,34.0,tablet,BRA,returning_user,19
A,2641,400,43.14,mobile,JPN,free,6
B,1194,2763,17.4,mobile,JPN,new_user,22
B,2696,528,24.09,desktop,BRA,returning_user,14
B,404,2806,33.5,desktop,CAN,free,6
B,4342,198,33.07,desktop,CAN,free,13
B,1331,1461,18.48,mobile,DEU,new_user,5
A,3844,2337,8.28,tablet,CAN,returning_user,16
C,3368,2753,22.72,mobile,JPN,new_user,9
B,2503,2074,29.13,desktop,JPN,premium,21
C,3385,1825,37.89,desktop,USA,premium,3
B,3080,360,19.5,tablet,USA,free,21
B,861,730,28.49,mobile,CAN,premium,9
C,2282,1264,4.22,tablet,BRA,free,14
A,752,2022,25.66,mobile,JPN,new_user,1
A,2785,2902,11.55,desktop,CAN,premium,9
B,4680,286,27.34,desktop,JPN,premium,4
C,1935,724,25.21,tablet,JPN,new_user,10
A,2601,1151,27.61,desktop,BRA,premium,2
B,3490,1270,45.36,mobile,CAN,free,0
C,835,1118,19.72,mobile,BRA,returning_user,14
A,2473,911,45.89,mobile,DEU,premium,12
B,2810,27,9.38,tablet,BRA,premium,1
A,4407,2288,11.87,mobile,JPN,free,1
A,2175,1099,37.14,desktop,USA,returning_user,15
B,2295,1118,3.6,mobile,DEU,premium,15
B,1141,143,15.41,tablet,JPN,free,19
A,3269,2685,21.8,mobile,DEU,returning_user,6
A,1542,1813,42.39,mobile,JPN,returning_user,13
C,2840,131,47.85,mobile,JPN,new_user,16
C,1984,2335,33.61,tablet,DEU,premium,8
C,4199,2393,7.53,mobile,CAN,premium,15
A,1492,2773,3.76,tablet,JPN,returning_user,2
A,694,1290,40.18,tablet,JPN,free,19
A,386,1382,3.23,desktop,DEU,returning_user,19
A,4563,2299,23.3,tablet,JPN,returning_user,17
A,2654,2151,20.95,desktop,BRA,free,0
C,4944,1927,35.36,mobile,CAN,returning_user,20
C,1219,2024,46.82,mobile,DEU,free,1
C,4441,542,1.1,tablet,CAN,free,18
B,962,1107,34.31,tablet,JPN,returning_user,6
A,3833,429,17.53,mobile,DEU,returning_user,23
C,4004,2963,17.38,mobile,DEU,new_user,17
C,224,1655,11.03,mobile,JPN,free,8
C,2537,1996,22.28,mobile,CAN,premium,20
B,2979,2861,35.44,tablet,BRA,new_user,18
A,3807,2296,4.23,tablet,JPN,free,10
C,1989,657,31.69,tablet,CAN,free,4
C,1980,143,21.71,mobile,JPN,new_user,23
A,2306,2917,11.46,desktop,JPN,premium,19
A,2294,2965,17.59,tablet,BRA,new_user,22
C,1202,1979,34.94,desktop,DEU,new_user,13
B,3473,10,48.2,mobile,JPN,free,3
C,3750,2866,3.29,desktop,JPN,new_user,9
A,408,1733,44.8,desktop,USA,new_user,21
A,3980,882,27.91,desktop,USA,returning_user,6
A,4705,291,49.23,mobile,USA,free,7
B,1836,2720,28.57,tablet,JPN,premium,20
B,3743,114,10.54,desktop,JPN,new_user,15
C,843,642,33.29,tablet,CAN,new_user,1
B,1828,1739,34.55,desktop,JPN,premium,5
B,589,678,1.1,tablet,CAN,premium,1
C,1308,2662,43.04,desktop,BRA,premium,4
C,4649,523,24.52,mobile,USA,free,12
B,3914,343,41.96,desktop,JPN,free,0
C,4171,1913,19.68,tablet,BRA,returning_user,19
B,3821,1107,42.12,desktop,CAN,free,18
B,4718,2019,40.45,desktop,JPN,returning_user,11
B,739,2817,5.33,mobile,CAN,premium,22
B,4162,2426,19.97,mobile,DEU,free,14
A,408,1627,38.94,mobile,JPN,returning_user,1
A,1004,2185,40.11,desktop,BRA,returning_user,10
C,1125,1193,14.4,tablet,JPN,new_user,21
A,1097,965,25.95,mobile,BRA,free,0
C,4282,289,18.67,mobile,USA,new_user,12
B,2643,2231,22.99,tablet,JPN,free,5
B,1699,642,21.5,desktop,JPN,premium,17
C,2910,70,42.85,desktop,BRA,free,21
C,1040,2257,22.41,mobile,USA,free,8
C,1524,495,42.74,tablet,USA,free,23
A,4246,2783,40.13,mobile,BRA,returning_user,1
B,941,1356,31.0,tablet,DEU,returning_user,20
B,3655,2197,42.07,tablet,BRA,returning_user,14
A,3128,1726,27.18,tablet,CAN,premium,3
C,4824,326,41.49,tablet,BRA,premium,19
B,3301,2254,23.62,tablet,JPN,new_user,10
C,1433,416,29.2,tablet,JPN,premium,20
B,1275,2331,11.05,desktop,CAN,new_user,10
A,4017,1441,27.81,desktop,BRA,free,12
B,1403,1712,17.08,mobile,BRA,returning_user,17
C,3513,1507,1.54,mobile,CAN,returning_user,11
A,2956,1769,31.72,desktop,DEU,returning_user,4
B,2656,1330,45.71,mobile,USA,premium,1
A,3108,1377,25.14,mobile,BRA,returning_user,3
C,3573,736,48.74,tablet,USA,returning_user,9
A,1647,1192,20.55,tablet,USA,free,4
B,1916,1615,1.53,tablet,DEU,new_user,16
B,705,461,4.18,desktop,DEU,new_user,16
C,1669,1627,25.93,desktop,JPN,premium,20
B,4235,653,44.09,mobile,USA,free,1
A,1054,327,42.03,tablet,USA,new_user,0
A,356,60,33.9,mobile,BRA,free,0
C,438,526,27.5,mobile,CAN,new_user,9
C,369,2555,42.49,desktop,DEU,returning_user,22
A,2298,2580,34.87,mobile,DEU,premium,21
B,1914,1142,3.71,mobile,DEU,new_user,7
C,787,193,19.83,tablet,USA,returning_user,2
C,1974,608,44.22,mobile,JPN,new_user,7
A,301,2526,21.1,mobile,DEU,returning_user,13
A,2231,2258,27.2,tablet,USA,returning_user,12
A,4203,629,8.0,tablet,DEU,premium,13
C,3580,641,16.47,mobile,USA,free,7
C,2243,2881,18.48,tablet,BRA,new_user,0
A,2768,251,27.8,tablet,BRA,new_user,8
B,2953,835,10.16,tablet,BRA,premium,1
C,3280,914,15.53,tablet,USA,premium,0
A,1675,2524,37.97,mobile,JPN,premium,21
B,3487,2820,34.76,tablet,CAN,premium,9
A,697,2774,22.62,tablet,JPN,premium,12
C,4657,2181,17.83,desktop,BRA,premium,6
A,1509,1574,49.3,desktop,USA,premium,8
A,2454,684,16.7,mobile,DEU,premium,2
C,3195,1356,42.24,mobile,BRA,new_user,3
B,2330,1844,40.61,desktop,JPN,free,3
B,4504,2075,39.81,mobile,BRA,free,21
C,3158,2856,35.7,desktop,CAN,free,22
A,925,1116,34.18,mobile,BRA,returning_user,18
A,233,887,23.76,mobile,USA,new_user,17
C,882,2039,10.2,mobile,CAN,new_user,17
C,1202,2084,34.29,tablet,DEU,free,15
A,2628,263,33.24,mobile,DEU,premium,7
C,4469,2459,26.97,desktop,BRA,new_user,6
A,2010,682,39.54,tablet,CAN,free,11
B,2749,2799,44.35,desktop,BRA,new_user,10
A,4116,2757,14.8,tablet,BRA,free,7
A,4325,2638,24.33,tablet,CAN,premium,12
B,523,1498,46.04,desktop,BRA,new_user,0
A,3927,680,12.62,desktop,USA,premium,4
A,2602,1247,47.12,desktop,USA,premium,4
A,156,54,9.53,mobile,CAN,free,5
A,3391,2925,39.15,tablet,JPN,free,3
A,4972,647,47.97,desktop,BRA,returning_user,10
A,4971,726,47.79,desktop,DEU,returning_user,19
B,4585,1005,31.97,desktop,DEU,free,15
A,3682,1519,3.53,mobile,DEU,new_user,10
B,2608,1863,20.1,desktop,DEU,free,1
A,3492,166,29.4,mobile,DEU,new_user,7
C,3574,2868,16.77,mobile,BRA,free,13
A,1369,1504,36.6,desktop,BRA,free,1
B,3018,1478,37.94,mobile,BRA,returning_user,12
B,3568,2442,13.67,mobile,JPN,returning_user,3
C,3671,2297,15.18,mobile,DEU,returning_user,18
C,538,1393,37.17,desktop,BRA,new_user,15
B,211,885,4.12,mobile,BRA,premium,9
B,733,1501,25.35,desktop,JPN,free,15
B,1608,1584,6.42,desktop,CAN,returning_user,5
A,3795,1114,11.36,desktop,BRA,returning_user,15
C,3009,2930,39.01,desktop,JPN,new_user,16
B,4166,2375,10.04,tablet,USA,free,23
A,4093,2737,21.77,mobile,USA,returning_user,21
C,305,2529,13.34,tablet,USA,free,12
A,123,2658,9.95,tablet,BRA,returning_user,5
B,4755,2692,11.64,desktop,JPN,returning_user,20
A,953,497,30.08,mobile,USA,premium,0
B,2473,1111,44.68,mobile,JPN,new_user,4
B,4022,896,27.5,desktop,JPN,premium,7
B,416,2864,40.04,mobile,BRA,premium,23
B,518,2907,32.42,desktop,JPN,premium,16
A,4010,531,20.45,desktop,CAN,returning_user,21
C,3603,2213,33.27,mobile,JPN,new_user,4
B,2711,530,40.8,desktop,DEU,premium,16
B,2320,504,1.23,desktop,BRA,premium,18
A,868,2077,28.48,mobile,DEU,premium,17
C,3215,2352,45.22,mobile,BRA,returning_user,4
C,4035,2583,16.56,tablet,DEU,free,17
C,261,1617,5.34,mobile,BRA,free,13
A,3733,2815,39.31,mobile,JPN,free,6
C,4333,129,28.37,tablet,CAN,new_user,16
C,799,759,40.38,mobile,DEU,new_user,8
C,650,1141,6.78,desktop,USA,returning_user,2
B,3516,2001,8.4,mobile,USA,returning_user,5
A,3116,1,47.66,desktop,CAN,premium,20
B,761,283,34.97,tablet,CAN,returning_user,8
A,2993,1812,24.63,mobile,BRA,premium,21
A,2525,730,28.88,desktop,DEU,new_user,11
C,3665,2404,27.28,desktop,USA,free,6
B,4500,1676,44.92,tablet,DEU,returning_user,1
A,2189,1626,37.18,tablet,JPN,new_user,20
A,1479,2545,42.54,tablet,CAN,new_user,3
C,1332,133,27.88,tablet,USA,free,11
B,751,2408,4.42,desktop,JPN,returning_user,10
B,4690,656,29.39,mobile,CAN,returning_user,8
A,2647,303,3.02,desktop,CAN,premium,18
B,1324,401,28.63,tablet,CAN,free,13
B,2246,806,25.75,desktop,USA,new_user,6
C,871,2161,19.62,desktop,CAN,new_user,22
A,2205,298,28.55,tablet,DEU,new_user,1
A,2790,2641,15.38,tablet,CAN,premium,10
A,3948,587,15.19,desktop,CAN,free,14
C,2675,1939,33.41,tablet,JPN,returning_user,0
A,3483,140,11.41,mobile,USA,returning_user,18
B,3814,2799,29.25,tablet,BRA,free,11
B,4762,2079,27.25,tablet,CAN,new_user,7
C,4260,2901,46.56,tablet,CAN,new_user,5
A,2090,785,3.09,mobile,CAN,premium,15
A,2693,768,9.79,mobile,USA,premium,8
B,2067,2499,33.26,tablet,USA,new_user,3
A,1519,82,2.97,mobile,JPN,free,20
A,3033,149,39.7,mobile,USA,returning_user,22
A,1191,108,41.26,mobile,JPN,new_user,16
B,3881,2831,4.09,mobile,JPN,returning_user,20
A,798,2783,16.45,mobile,BRA,free,21
B,4997,2625,26.2,mobile,USA,returning_user,19
A,652,668,26.46,desktop,USA,returning_user,5
B,437,1304,11.78,tablet,CAN,premium,7
B,418,396,44.99,tablet,CAN,new_user,16
B,628,1131,12.56,mobile,BRA,premium,2
B,1135,1364,15.8,mobile,JPN,free,1
C,1246,1864,49.39,desktop,DEU,returning_user,8
A,3100,1348,27.63,tablet,DEU,returning_user,1
A,3395,2156,42.03,desktop,CAN,premium,4
B,1916,2547,9.11,desktop,USA,premium,2
A,1719,482,14.79,desktop,USA,free,10
C,3940,2752,22.64,tablet,CAN,returning_user,2
C,3304,396,37.09,mobile,BRA,returning_user,3
B,2173,237,44.57,desktop,JPN,free,1
C,1455,293,0.26,desktop,CAN,new_user,10
C,4559,10,14.71,mobile,JPN,premium,21
A,176,2446,47.29,desktop,JPN,returning_user,10
B,4321,810,25.01,mobile,JPN,new_user,3
A,4318,2625,38.37,mobile,DEU,premium,22
B,1427,2462,39.21,mobile,BRA,new_user,0
C,3818,1828,29.94,tablet,CAN,free,6
C,4091,287,45.72,mobile,CAN,new_user,3
C,646,1261,6.43,desktop,JPN,returning_user,12
C,4020,1317,30.54,mobile,DEU,free,16
B,3644,2065,42.59,mobile,BRA,returning_user,18
A,2389,627,28.24,mobile,JPN,free,7
A,4386,152,41.28,mobile,DEU,returning_user,10
B,4935,2990,44.1,mobile,CAN,free,19
B,2750,1112,24.74,mobile,CAN,free,11
C,746,1476,13.2,tablet,BRA,free,6
C,1827,2096,40.19,tablet,DEU,new_user,22
C,4499,316,5.96,tablet,USA,new_user,10
C,2839,2463,15.61,desktop,DEU,new_user,11
C,3288,57,48.19,desktop,JPN,returning_user,19
A,3425,103,42.54,desktop,JPN,free,19
C,599,1859,7.43,desktop,USA,free,6
C,4358,1730,20.05,mobile,DEU,new_user,19
C,2370,1613,34.8,tablet,DEU,premium,18
A,2784,920,22.7,mobile,BRA,free,14
A,4816,2869,46.46,mobile,BRA,free,18
B,3712,1151,12.67,mobile,USA,returning_user,0
C,3867,1871,13.53,mobile,CAN,new_user,9
B,574,218,42.37,desktop,BRA,returning_user,22
B,1166,2437,31.0,tablet,USA,returning_user,23
C,168,690,10.83,desktop,DEU,returning_user,9
B,3155,557,23.64,tablet,JPN,free,18
B,491,1986,11.39,desktop,USA,free,15
C,3590,2988,25.11,mobile,USA,free,8
A,4693,1377,17.57,tablet,JPN,free,5
C,3383,1577,7.35,tablet,USA,free,10
C,1598,1039,0.46,mobile,CAN,free,1
B,138,1135,0.72,tablet,DEU,free,19
B,4623,2650,32.17,desktop,DEU,new_user,18
C,3067,1814,44.95,mobile,JPN,premium,14
A,472,2098,36.67,mobile,DEU,free,18
B,110,1885,14.21,desktop,BRA,returning_user,8
A,3559,758,8.52,desktop,USA,new_user,2
C,1442,2016,21.64,tablet,USA,new_user,20
C,2509,626,49.95,mobile,CAN,returning_user,9
B,293,2940,47.85,tablet,JPN,new_user,19
A,3137,673,22.73,desktop,DEU,new_user,10
B,3594,135,45.97,tablet,CAN,returning_user,16
B,2211,1880,24.53,desktop,JPN,returning_user,3
C,2313,416,16.65,tablet,BRA,new_user,10
C,290,2963,30.77,mobile,BRA,free,16
C,1266,855,3.81,desktop,CAN,new_user,16
B,1589,1480,21.1,mobile,USA,new_user,4
B,3086,2570,3.66,mobile,DEU,premium,12
B,1709,2533,35.47,desktop,BRA,premium,21
A,4673,521,44.24,tablet,USA,free,21
A,926,89,31.04,tablet,DEU,free,4
B,4349,1072,37.89,desktop,USA,new_user,12
C,2983,2692,22.7,desktop,USA,premium,1
A,3550,645,34.25,desktop,JPN,new_user,18
C,2442,266,24.26,tablet,CAN,new_user,22
A,3590,958,37.82,tablet,DEU,premium,3
B,4050,620,4.39,tablet,DEU,premium,9
A,1403,543,20.67,mobile,USA,free,11
A,2605,894,22.11,tablet,USA,new_user,17
B,3197,969,26.35,desktop,DEU,free,13
A,2843,1118,38.6,mobile,BRA,new_user,4
A,2086,2147,47.69,tablet,USA,free,13
B,2297,1109,41.89,mobile,USA,new_user,6
A,3890,180,2.99,mobile,USA,new_user,11
C,2285,2228,38.79,tablet,BRA,free,0
B,1023,1967,17.54,tablet,CAN,returning_user,0
A,1624,1376,46.63,tablet,CAN,new_user,7
A,4660,168,17.79,tablet,USA,premium,17
A,1903,1698,23.64,mobile,USA,returning_user,14
C,2341,2084,26.53,tablet,JPN,returning_user,22
C,1804,353,2.72,mobile,CAN,premium,9
C,1617,2380,39.96,tablet,JPN,new_user,9
A,1965,2998,7.39,tablet,CAN,returning_user,14
C,4716,1079,35.23,tablet,DEU,premium,9
A,2852,1159,11.13,tablet,JPN,premium,2
C,572,2886,8.99,tablet,BRA,returning_user,17
A,3864,684,40.27,tablet,BRA,new_user,14
B,2929,1091,33.64,mobile,JPN,returning_user,6
B,2559,1477,38.7,mobile,JPN,returning_user,8
A,1832,1095,7.83,mobile,CAN,new_user,16
A,2310,238,6.34,mobile,USA,new_user,1
C,4138,2557,18.38,tablet,CAN,new_user,16
C,4910,1317,42.01,mobile,DEU,returning_user,2
A,1150,2452,6.84,tablet,JPN,new_user,8
B,1524,150,20.9,tablet,CAN,premium,21
A,379,1170,12.89,mobile,BRA,premium,10
A,4596,2733,45.35,tablet,CAN,premium,9
A,4571,242,16.57,tablet,JPN,premium,6
B,2498,1833,6.85,mobile,USA,premium,20
A,2092,261,32.52,tablet,BRA,free,5
C,4887,1754,34.36,tablet,BRA,premium,12
A,222,1074,1.04,tablet,CAN,free,1
A,1528,1224,33.09,mobile,BRA,premium,7
C,2177,634,1.64,mobile,DEU,new_user,15
C,1993,1844,30.25,desktop,CAN,returning_user,21
B,950,2825,43.06,mobile,CAN,returning_user,21
B,2844,1196,32.89,mobile,JPN,premium,21
C,1943,439,7.84,tablet,BRA,returning_user,5
B,619,1496,43.06,desktop,BRA,returning_user,12
A,4039,675,21.2,desktop,BRA,premium,1
C,709,21,0.52,desktop,JPN,premium,2
A,2632,1686,43.33,tablet,JPN,premium,21
A,172,1666,0.5,tablet,CAN,new_user,9
C,376,1829,32.79,desktop,USA,free,3
B,843,2605,43.0,mobile,BRA,returning_user,22
B,975,2732,43.37,tablet,USA,returning_user,14
C,2875,2252,14.88,desktop,DEU,returning_user,17
B,4626,2698,5.24,desktop,DEU,returning_user,10
C,4010,1569,43.18,desktop,DEU,premium,2
B,3198,2500,33.04,desktop,BRA,returning_user,8
B,204,278,6.96,mobile,USA,premium,3
B,464,708,42.0,mobile,DEU,returning_user,2
B,4189,1847,34.93,tablet,JPN,new_user,20
A,339,401,35.92,desktop,DEU,premium,17
A,2998,1144,43.57,mobile,USA,returning_user,7
C,3945,2648,48.23,tablet,BRA,free,4
A,2433,475,2.96,desktop,USA,premium,5
A,3916,1479,36.15,tablet,JPN,premium,11
B,181,1326,3.22,tablet,DEU,free,1
A,1718,2618,35.49,tablet,USA,premium,8
B,2230,1550,31.64,mobile,JPN,premium,7
A,1740,2827,17.5,tablet,JPN,new_user,2
A,749,1022,14.35,tablet,CAN,premium,11
C,2233,264,46.6,mobile,DEU,new_user,14
A,2761,2268,35.43,tablet,JPN,returning_user,18
C,4398,1671,38.42,mobile,DEU,returning_user,9
C,1106,2562,40.99,desktop,USA,returning_user,3
B,2101,2792,8.68,tablet,USA,premium,17
A,2496,304,27.51,mobile,JPN,premium,19
A,902,1063,6.16,tablet,JPN,returning_user,5
A,2688,2237,13.03,mobile,BRA,premium,9
C,320,850,23.42,mobile,JPN,returning_user,12
A,3623,2543,14.25,desktop,DEU,returning_user,20
C,2068,1976,8.47,tablet,CAN,free,5
C,384,659,45.58,desktop,USA,returning_user,23
B,2724,1518,43.45,desktop,DEU,new_user,18
A,3728,1495,11.66,mobile,CAN,free,6
B,3648,1063,0.59,tablet,BRA,new_user,20
B,3910,1065,46.3,tablet,CAN,free,14
B,1118,2658,5.94,tablet,BRA,new_user,12
A,615,930,9.5,tablet,JPN,returning_user,12
A,553,1866,10.99,mobile,USA,returning_user,9
C,2013,45,28.93,mobile,CAN,premium,6
B,2196,842,27.58,tablet,USA,new_user,4
C,897,1620,36.66,mobile,JPN,returning_user,20
A,743,544,47.9,desktop,BRA,returning_user,4
A,4595,2493,39.99,mobile,BRA,new_user,7
C,2849,2304,3.22,tablet,JPN,returning_user,13
C,2774,2341,12.21,tablet,CAN,returning_user,21
B,2766,1930,45.29,mobile,BRA,returning_user,10
B,4829,1511,9.86,tablet,CAN,returning_user,11
A,963,1197,33.33,desktop,JPN,new_user,7
B,2013,979,26.86,desktop,JPN,new_user,16
B,2579,2316,25.03,mobile,USA,premium,12
B,823,2513,22.33,mobile,BRA,premium,17
C,962,2846,25.57,desktop,DEU,new_user,17
B,1447,2634,6.29,mobile,CAN,free,2
A,1169,1618,45.89,tablet,BRA,returning_user,12
B,4104,2065,44.94,desktop,JPN,returning_user,4
A,1909,2301,9.59,desktop,JPN,premium,21
A,2091,237,40.02,mobile,USA,returning_user,7
B,2431,2337,29.74,mobile,CAN,free,3
C,4689,2963,36.61,tablet,BRA,free,11
C,2865,1021,28.84,tablet,USA,new_user,2
B,2032,1137,1.38,tablet,CAN,new_user,20
A,838,2488,11.11,tablet,CAN,new_user,9
B,4391,1541,49.99,desktop,DEU,returning_user,10
A,3459,1411,17.31,tablet,BRA,premium,18
A,1948,1986,47.24,desktop,USA,free,23
C,123,1206,21.21,mobile,USA,returning_user,23
C,4243,2921,40.23,tablet,DEU,returning_user,14
B,4675,1022,15.83,desktop,JPN,returning_user,7
A,2845,1591,7.01,desktop,DEU,free,15
B,738,1781,45.76,tablet,BRA,new_user,16
C,1344,967,20.72,mobile,CAN,free,9
C,4109,1576,15.68,desktop,CAN,premium,6
C,2667,2329,34.7,mobile,CAN,premium,1
A,4643,295,44.07,desktop,USA,premium,21
B,3184,2835,26.09,desktop,DEU,returning_user,12
C,2629,606,8.42,desktop,CAN,premium,23
C,346,428,17.86,mobile,USA,premium,13
B,3348,312,21.35,mobile,JPN,new_user,23
B,4178,669,35.87,tablet,CAN,returning_user,9
A,4348,2136,38.93,tablet,USA,premium,1
A,3286,1927,49.27,mobile,JPN,free,6
C,1817,2592,3.29,mobile,USA,new_user,13
A,1043,2297,47.42,tablet,BRA,new_user,18
C,3499,1078,20.33,tablet,BRA,new_user,20
A,3304,2590,13.98,tablet,JPN,new_user,16
B,777,2827,18.8,mobile,JPN,free,7
A,3998,2356,0.22,mobile,DEU,returning_user,10
B,2738,2457,36.7,tablet,JPN,premium,19
B,3401,1282,12.57,desktop,JPN,free,8
C,2091,493,11.59,mobile,USA,free,9
C,322,1863,7.65,mobile,DEU,premium,7
A,3906,708,1.25,mobile,CAN,returning_user,21
C,4642,881,33.74,desktop,CAN,premium,2
A,2166,1437,19.02,desktop,BRA,free,11
B,2906,2281,49.83,mobile,BRA,returning_user,1
A,637,1713,42.28,desktop,BRA,free,16
C,568,1323,27.17,mobile,USA,new_user,22
A,3018,1249,28.03,desktop,USA,free,23
A,4225,750,27.25,desktop,DEU,free,22
C,511,305,29.2,desktop,JPN,premium,15
A,743,380,24.36,tablet,JPN,premium,6
A,4106,2892,13.78,tablet,USA,premium,16
A,4253,215,49.4,desktop,DEU,new_user,6
B,3676,246,44.28,tablet,BRA,returning_user,13
B,3054,1638,20.83,tablet,USA,free,2
B,1360,1794,8.14,tablet,JPN,returning_user,14
C,3845,2363,0.83,desktop,USA,new_user,23
A,4537,2305,26.76,desktop,DEU,premium,2
C,4448,2704,24.88,tablet,CAN,new_user,2
C,2101,2830,0.65,mobile,USA,free,6
B,1074,2113,35.8,mobile,USA,new_user,23
B,1082,1702,18.26,mobile,USA,new_user,22
B,1029,891,19.94,desktop,CAN,returning_user,17
B,3534,2302,32.56,tablet,DEU,free,22
C,1974,2746,30.44,desktop,CAN,premium,14
A,4913,2574,1.86,desktop,BRA,free,10
B,872,1822,24.38,mobile,DEU,premium,13
A,4094,2231,20.6,tablet,BRA,new_user,5
C,1213,2553,9.85,tablet,BRA,free,7
C,3525,934,42.91,mobile,DEU,premium,22
A,2744,1587,39.39,desktop,DEU,premium,14
B,342,2289,39.62,desktop,USA,returning_user,9
A,2270,2807,3.35,tablet,DEU,premium,5
A,956,0,48.42,mobile,JPN,free,8
A,1446,2661,1.21,mobile,CAN,premium,0
A,4767,1543,48.54,mobile,JPN,free,5
A,3797,1175,30.69,desktop,DEU,free,16
B,510,612,26.94,mobile,DEU,free,1
B,2078,775,5.11,mobile,BRA,free,6
A,667,2755,35.06,mobile,DEU,returning_user,11
A,630,1916,13.47,mobile,DEU,premium,7
C,595,607,8.87,desktop,DEU,free,7
C,4094,988,4.91,desktop,BRA,new_user,12
A,4366,1196,13.96,desktop,CAN,free,12
B,2119,2473,7.59,mobile,USA,premium,23
C,939,1424,28.36,tablet,BRA,new_user,18
B,1818,2724,24.88,desktop,DEU,returning_user,3
A,100,689,40.74,mobile,JPN,returning_user,4
A,3934,1362,19.5,tablet,CAN,new_user,16
A,3387,2706,40.48,mobile,JPN,new_user,6
A,2290,808,8.44,desktop,BRA,free,8
A,4386,351,8.55,desktop,USA,new_user,18
C,1945,1280,28.45,tablet,USA,free,4
A,2257,2373,22.16,tablet,JPN,returning_user,0
B,4446,343,8.49,desktop,JPN,premium,0
B,3138,1702,34.62,mobile,DEU,new_user,13
C,991,841,21.99,mobile,USA,free,5
C,4167,625,3.92,desktop,JPN,premium,22
A,2662,1412,22.12,mobile,BRA,new_user,18
B,3471,814,1.88,desktop,CAN,premium,4
C,902,2381,8.64,tablet,BRA,new_user,3
B,670,1153,42.2,mobile,JPN,premium,16
B,4962,2307,19.0,tablet,JPN,returning_user,21
C,2632,1408,2.47,tablet,BRA,new_user,20
A,2889,1559,17.6,mobile,USA,premium,5
B,4440,981,42.25,tablet,CAN,free,5
A,2815,2547,22.08,tablet,USA,premium,13
B,3652,2273,3.61,tablet,USA,new_user,16
C,3418,962,12.79,desktop,DEU,new_user,23
C,3256,2478,13.77,tablet,USA,returning_user,0
B,1808,2945,13.13,desktop,JPN,free,13
A,3155,121,28.73,desktop,USA,new_user,4
C,759,2105,9.19,mobile,JPN,premium,8
C,564,1573,0.77,desktop,DEU,returning_user,9
C,3416,2618,46.83,desktop,JPN,returning_user,17
C,3579,1214,15.0,tablet,USA,free,11
A,2722,2729,47.13,mobile,DEU,new_user,11
B,1388,670,13.17,mobile,JPN,returning_user,2
C,449,553,42.2,mobile,CAN,returning_user,5
A,988,779,30.96,tablet,BRA,premium,19
A,499,2590,10.19,tablet,JPN,free,20
B,4522,1081,47.5,desktop,USA,new_user,13
C,2752,1617,36.62,tablet,JPN,returning_user,10
B,3373,839,49.37,mobile,BRA,premium,17
B,504,2207,29.93,mobile,CAN,new_user,20
C,944,1797,36.74,mobile,USA,returning_user,21
C,3194,1251,9.92,tablet,JPN,returning_user,11
A,3660,420,41.22,mobile,BRA,free,12
A,2780,1272,22.59,mobile,USA,new_user,6
B,2905,2914,34.66,mobile,USA,new_user,21
B,3523,1691,7.3,tablet,CAN,premium,6
C,2977,709,23.76,mobile,JPN,premium,19
C,4446,2586,9.34,mobile,DEU,free,15
C,121,2985,33.76,tablet,CAN,returning_user,12
B,3857,624,28.14,mobile,JPN,new_user,10
A,3890,618,15.57,tablet,BRA,returning_user,11
A,296,2184,23.26,tablet,JPN,new_user,1
B,4529,536,45.97,desktop,CAN,returning_user,6
B,3739,2801,2.49,tablet,DEU,premium,11
A,1011,2303,27.26,desktop,BRA,new_user,3
C,4495,1973,33.17,tablet,BRA,new_user,3
A,3227,446,14.92,desktop,JPN,returning_user,8
B,228,1724,22.41,desktop,BRA,returning_user,8
A,1521,2018,8.43,tablet,BRA,free,9
B,3348,2479,38.16,tablet,CAN,free,0
B,1539,2641,2.01,desktop,USA,returning_user,2
A,4818,1599,15.83,desktop,USA,free,10
B,4481,1800,1.42,tablet,USA,returning_user,0
A,2076,193,8.79,desktop,BRA,returning_user,23
C,3388,2126,44.18,mobile,CAN,new_user,21
C,1103,1479,26.64,desktop,USA,returning_user,16
A,1859,1351,26.71,mobile,BRA,free,4
B,4204,2082,0.66,desktop,CAN,new_user,3
B,4199,130,17.74,mobile,BRA,free,2
C,188,1066,13.16,tablet,BRA,premium,21
C,1087,148,0.31,tablet,BRA,free,22
B,283,2996,12.01,tablet,USA,premium,18
B,2907,1441,30.06,desktop,JPN,new_user,10
A,1243,1808,22.4,tablet,USA,premium,5
C,1681,633,38.16,mobile,DEU,free,8
B,4247,538,2.55,desktop,JPN,premium,21
A,4161,1984,9.93,tablet,USA,returning_user,1
A,2667,400,46.76,desktop,CAN,premium,11
A,1348,1474,24.35,tablet,DEU,premium,19
C,1418,2541,33.13,mobile,USA,premium,6
B,2105,2376,29.13,desktop,USA,free,17
C,3584,1852,28.08,tablet,DEU,new_user,18
C,3640,1305,16.37,mobile,DEU,new_user,16
A,1204,1659,17.7,tablet,BRA,premium,5
A,4191,782,19.82,tablet,JPN,new_user,2
A,1471,1156,25.11,tablet,DEU,new_user,4
B,2485,2773,42.01,desktop,USA,premium,12
B,1080,2196,10.69,desktop,DEU,new_user,22
C,4228,645,35.94,mobile,BRA,premium,1
B,4621,1617,38.75,tablet,USA,new_user,22
A,1002,2694,11.76,desktop,DEU,premium,9
C,1951,2363,8.83,tablet,BRA,new_user,16
A,2100,2615,48.91,tablet,CAN,returning_user,8
B,3057,2207,45.04,mobile,USA,new_user,14
A,4750,1777,21.83,desktop,JPN,premium,13
C,3736,2947,0.52,mobile,DEU,free,9
B,1464,1746,32.53,mobile,JPN,premium,23
A,2065,2881,39.47,desktop,DEU,free,1
C,1033,484,18.0,mobile,CAN,new_user,7
C,3210,1568,23.49,desktop,JPN,new_user,19
A,2861,1931,9.25,tablet,JPN,returning_user,11
B,3609,1539,28.18,tablet,BRA,premium,8
A,4622,1192,49.45,desktop,JPN,free,5
B,2221,2609,49.67,tablet,DEU,returning_user,17
B,2257,1116,7.84,tablet,JPN,returning_user,0
C,3436,743,11.16,desktop,BRA,returning_user,18
C,687,1442,26.58,desktop,DEU,new_user,1
B,3947,2830,10.41,tablet,USA,new_user,14
C,4605,1943,34.68,tablet,JPN,free,6
B,2579,423,40.28,mobile,BRA,new_user,3
C,1916,2499,32.33,tablet,BRA,returning_user,2
C,1264,171,11.53,mobile,BRA,free,18
C,2129,96,13.87,desktop,JPN,free,15
B,4829,1949,2.61,tablet,DEU,premium,18
A,1477,2008,42.65,mobile,DEU,returning_user,19
A,3861,1970,17.61,mobile,JPN,free,8
B,1422,2080,29.32,mobile,JPN,new_user,12
C,3433,684,34.42,mobile,USA,premium,10
C,364,964,1.58,mobile,BRA,premium,23
A,107,280,48.09,desktop,JPN,new_user,7
B,4050,1443,47.41,mobile,BRA,returning_user,14
C,3057,1703,38.14,mobile,BRA,free,4
B,861,1718,19.92,mobile,DEU,premium,20
B,698,72,45.67,tablet,DEU,returning_user,22
A,3559,645,29.7,tablet,JPN,premium,22
C,1976,2173,15.2,tablet,JPN,new_user,18
B,3805,713,8.97,mobile,JPN,returning_user,11
C,4114,1137,28.36,desktop,BRA,returning_user,3
A,3383,467,6.29,mobile,USA,returning_user,16
B,3429,438,11.36,desktop,DEU,new_user,0
A,2376,1473,4.79,desktop,CAN,new_user,7
B,1544,1557,12.54,mobile,USA,premium,4
C,1761,670,31.54,desktop,JPN,free,15
B,810,1046,46.17,mobile,JPN,premium,6
A,2546,465,24.75,desktop,BRA,returning_user,3
C,2032,1574,5.5,tablet,DEU,free,20
A,1745,2875,24.95,desktop,DEU,premium,12
C,1680,817,8.56,mobile,BRA,returning_user,23
B,4173,1554,43.04,desktop,DEU,premium,23
C,3738,957,38.58,desktop,DEU,free,5
A,4855,988,13.21,desktop,JPN,free,1
B,475,501,5.39,tablet,CAN,returning_user,18
C,1759,2968,4.94,tablet,BRA,returning_user,20
A,1257,635,42.0,mobile,DEU,free,19
C,2405,461,32.82,desktop,CAN,premium,13
A,1896,2374,25.47,desktop,USA,premium,23
A,1735,695,40.37,mobile,BRA,new_user,13
B,3062,677,33.04,mobile,CAN,new_user,15
B,954,1748,11.46,tablet,USA,returning_user,17
B,3551,2361,8.26,tablet,CAN,returning_user,16
A,264,2787,31.69,tablet,CAN,returning_user,13
C,3126,2989,39.24,tablet,DEU,free,13
A,1801,1433,11.13,tablet,USA,free,21
A,1847,313,27.38,tablet,BRA,free,23
A,1659,2647,9.95,tablet,BRA,free,20
B,1074,390,25.59,tablet,DEU,returning_user,22
C,2352,79,19.55,tablet,BRA,free,6
A,1398,2516,49.66,desktop,DEU,premium,6
A,2242,428,14.19,tablet,CAN,returning_user,19
A,4608,591,8.28,tablet,USA,free,4
C,121,1410,39.3,mobile,BRA,free,10
A,4414,1538,15.14,tablet,BRA,premium,20
C,284,1990,9.07,desktop,JPN,new_user,17
B,1819,139,15.77,mobile,CAN,new_user,15
A,2256,222,33.92,desktop,DEU,free,12
B,3600,2082,39.41,tablet,BRA,free,7
B,145,2873,48.64,mobile,USA,new_user,23
A,4611,2260,15.2,tablet,JPN,premium,18
B,4563,1684,35.36,tablet,CAN,free,17
B,2164,1176,23.95,desktop,JPN,returning_user,23
A,1611,2300,4.8,mobile,DEU,returning_user,11
A,605,1497,15.44,desktop,DEU,new_user,6
A,1227,913,5.48,mobile,JPN,premium,2
B,4400,2835,48.43,tablet,BRA,returning_user,3
C,3818,1169,18.7,tablet,USA,free,16
B,172,1832,46.65,desktop,DEU,premium,21
C,3308,2783,30.11,mobile,USA,new_user,10
A,1214,883,33.19,tablet,JPN,new_user,15
C,2511,1826,11.87,mobile,JPN,free,5
C,957,2116,16.99,mobile,JPN,new_user,9
B,4394,783,31.42,desktop,BRA,new_user,19
A,4320,2565,15.6,tablet,CAN,free,3
B,4220,2254,42.31,tablet,CAN,free,18
B,3269,1021,40.31,mobile,CAN,returning_user,4
C,2724,1538,11.81,tablet,JPN,new_user,3
B,451,2980,38.04,tablet,CAN,returning_user,18
A,2068,2537,18.76,tablet,BRA,returning_user,2
A,460,2773,43.0,mobile,CAN,premium,18
A,4080,2510,44.73,desktop,BRA,premium,11
A,3328,1070,2.87,desktop,JPN,returning_user,14
B,1752,1551,25.69,desktop,USA,new_user,18
C,633,965,13.02,mobile,BRA,new_user,3
A,3055,1620,22.78,mobile,BRA,free,11
C,4141,665,27.17,desktop,CAN,returning_user,5
A,1516,127,23.64,tablet,BRA,new_user,22
C,2607,1689,26.79,mobile,BRA,premium,17
B,3982,220,30.98,desktop,BRA,returning_user,3
A,807,770,4.9,mobile,USA,premium,1
C,2185,2769,38.5,desktop,USA,premium,23
B,3623,1996,34.28,mobile,DEU,premium,11
C,3154,2761,47.68,mobile,DEU,new_user,0
B,767,1978,4.05,mobile,JPN,new_user,20
B,3022,1063,14.28,desktop,BRA,free,17
A,4585,1214,16.09,mobile,CAN,premium,13
A,2150,58,35.48,mobile,BRA,returning_user,17
A,3210,2424,6.06,tablet,CAN,new_user,18
C,1078,845,24.75,desktop,JPN,free,16
B,3851,1270,34.25,desktop,CAN,returning_user,11
A,1123,2659,9.99,tablet,CAN,premium,15
A,3895,2752,2.91,tablet,USA,returning_user,7
C,2595,1862,31.64,mobile,JPN,premium,11
A,4200,2675,37.15,tablet,USA,premium,22
B,3243,1165,2.75,desktop,BRA,free,16
C,1022,2054,30.75,tablet,DEU,returning_user,12
A,4370,480,14.88,desktop,CAN,premium,0
C,716,623,34.55,tablet,CAN,returning_user,5
B,3786,251,46.88,tablet,CAN,premium,14
A,2291,1108,11.03,tablet,USA,free,9
C,2578,1092,22.9,tablet,CAN,premium,4
A,1032,28,37.49,tablet,DEU,new_user,16
C,2281,2079,12.37,mobile,USA,free,10
C,4309,2272,29.97,desktop,DEU,free,22
A,3324,154,39.79,tablet,DEU,premium,0
C,2174,2478,18.32,desktop,USA,returning_user,9
C,652,723,27.19,mobile,BRA,new_user,7
A,2339,1786,18.63,tablet,JPN,returning_user,5
A,755,879,33.71,tablet,CAN,premium,12
B,363,1121,0.45,mobile,USA,returning_user,9
C,4491,2192,49.38,desktop,CAN,new_user,3
B,1162,1780,19.63,desktop,DEU,premium,22
A,2678,2915,20.4,mobile,CAN,new_user,22
A,4338,2789,12.76,desktop,CAN,returning_user,14
C,4415,480,0.21,desktop,BRA,premium,11
B,2387,230,23.61,desktop,JPN,returning_user,23
A,3524,2005,15.41,desktop,CAN,premium,6
C,3438,1525,48.01,desktop,BRA,new_user,9
B,1402,745,8.9,tablet,USA,free,12
A,4734,1311,3.52,desktop,USA,returning_user,21
A,422,2096,17.83,mobile,JPN,new_user,6
C,269,1356,24.36,tablet,USA,premium,0
B,951,1693,13.96,tablet,JPN,returning_user,14
B,2875,568,24.66,desktop,USA,premium,7
C,401,1657,4.15,mobile,BRA,premium,8
C,4363,915,22.96,desktop,BRA,free,4
B,1968,2839,19.99,tablet,USA,free,11
C,410,1965,41.37,mobile,DEU,free,5
A,4981,2160,1.59,tablet,USA,premium,4
A,1844,324,9.9,tablet,DEU,returning_user,20
B,3454,2832,4.93,desktop,BRA,premium,21
C,2332,1800,34.78,tablet,DEU,premium,8
B,1098,2926,17.58,desktop,USA,new_user,6
A,1522,2467,11.48,mobile,USA,premium,7
A,1951,2266,39.23,desktop,CAN,new_user,2
B,1776,854,48.39,tablet,USA,premium,8
C,1473,1824,47.16,mobile,CAN,free,16
C,3458,2322,35.78,tablet,BRA,new_user,5
A,444,1205,43.81,desktop,DEU,returning_user,1
A,3357,307,10.62,desktop,CAN,new_user,11
B,2293,2861,38.01,mobile,DEU,new_user,3
A,1347,1844,24.1,desktop,CAN,new_user,4
C,3013,2764,24.78,tablet,USA,new_user,20
A,1844,1102,28.67,tablet,DEU,new_user,8
B,305,151,35.33,mobile,DEU,returning_user,20
C,2361,2801,14.1,tablet,BRA,new_user,23
A,224,1191,31.06,desktop,JPN,premium,13
B,162,354,17.34,desktop,USA,premium,14
B,3242,25,23.8,mobile,USA,new_user,10
C,3600,1713,10.73,desktop,JPN,returning_user,12
A,527,541,0.97,mobile,CAN,new_user,23
B,1254,2044,47.77,tablet,CAN,returning_user,5
C,3055,1315,17.96,desktop,USA,premium,1
C,2163,2215,46.91,tablet,USA,new_user,16
A,3786,968,37.21,mobile,BRA,new_user,4
B,2343,2879,23.74,mobile,CAN,free,10
A,4105,1245,46.15,tablet,DEU,new_user,23
B,4992,1556,7.78,tablet,DEU,premium,13
B,3472,1040,8.35,mobile,DEU,free,14
B,2321,390,8.22,mobile,USA,returning_user,23
C,3069,1152,18.4,desktop,DEU,premium,7
C,327,858,32.46,desktop,JPN,returning_user,11
A,1788,1271,43.56,tablet,CAN,new_user,15
A,4898,1230,29.58,desktop,CAN,free,0
A,4770,2723,44.87,desktop,JPN,returning_user,22
C,3061,2359,40.26,mobile,BRA,returning_user,23
C,3375,1887,45.66,desktop,DEU,free,6
C,4218,195,10.48,tablet,CAN,premium,4
B,2816,1751,37.36,mobile,JPN,returning_user,20
C,2935,2988,34.08,tablet,USA,new_user,1
B,4389,378,32.52,desktop,BRA,returning_user,2
C,4021,2586,11.35,desktop,JPN,free,8
A,285,2135,9.21,tablet,DEU,new_user,8
B,3102,2781,25.29,desktop,CAN,free,18
A,2257,1924,37.36,desktop,JPN,new_user,16
C,3673,984,31.7,desktop,DEU,new_user,9
C,1812,2557,37.35,tablet,USA,new_user,3
B,295,2834,42.3,desktop,CAN,returning_user,14
B,4464,410,48.19,desktop,BRA,new_user,18
C,3982,2427,49.3,tablet,BRA,new_user,3
B,861,890,37.01,mobile,CAN,new_user,3
B,2929,2676,0.11,mobile,USA,premium,23
B,914,627,39.65,mobile,DEU,new_user,21
C,3202,2418,41.31,mobile,DEU,new_user,5
C,3798,2068,34.68,tablet,JPN,returning_user,9
A,4787,2792,18.59,tablet,CAN,new_user,8
A,4574,1554,15.16,desktop,BRA,premium,12
A,770,1587,8.42,tablet,USA,returning_user,14
C,3097,1399,32.39,tablet,JPN,returning_user,8
C,2006,579,18.75,mobile,USA,new_user,22
C,3915,2002,41.57,tablet,CAN,returning_user,10
B,933,2413,10.32,tablet,USA,returning_user,13
A,1929,1447,48.06,desktop,BRA,premium,22
C,2371,2433,7.93,mobile,USA,free,20
C,1546,1642,5.45,desktop,DEU,returning_user,13
B,4181,1172,18.86,desktop,JPN,new_user,1
C,1116,1651,35.7,tablet,CAN,free,5
A,4661,134,25.48,desktop,DEU,premium,18
B,4596,790,27.41,desktop,USA,returning_user,4
B,4326,2798,24.19,mobile,USA,returning_user,14
C,3897,824,38.91,mobile,CAN,premium,4
A,921,1892,35.8,mobile,DEU,new_user,17
C,129,2187,38.61,desktop,DEU,returning_user,18
A,1093,1450,18.81,desktop,DEU,free,18
C,1992,1083,10.05,mobile,DEU,new_user,0
A,4930,185,38.54,mobile,DEU,free,6
C,2578,2109,5.12,desktop,CAN,free,0
B,4775,2029,46.03,desktop,JPN,premium,0
B,1879,2293,1.67,desktop,BRA,free,17
A,1346,622,37.35,mobile,BRA,premium,9
A,1009,918,48.05,mobile,JPN,returning_user,12
B,741,1527,33.61,mobile,JPN,premium,13
B,1851,2425,18.53,mobile,JPN,free,1
B,3137,1109,37.95,desktop,DEU,new_user,16
B,1243,2691,30.56,desktop,CAN,free,23
C,556,2606,46.24,mobile,CAN,free,4
C,2666,1293,18.91,desktop,BRA,premium,6
B,3738,744,49.81,desktop,BRA,free,6
B,719,605,27.13,tablet,JPN,free,10
A,3579,1571,36.02,desktop,CAN,free,23
A,3784,1036,5.68,mobile,JPN,free,23
C,2373,2012,7.45,mobile,DEU,returning_user,9
B,877,1200,16.91,mobile,JPN,new_user,4
C,4625,536,10.13,tablet,DEU,new_user,11
C,2025,486,44.97,tablet,BRA,free,13
A,734,396,13.02,mobile,BRA,returning_user,18
C,2721,1565,4.95,mobile,CAN,premium,9
C,3929,2084,41.36,tablet,DEU,premium,3
B,4043,1628,29.36,desktop,USA,returning_user,11
A,2114,882,21.0,tablet,CAN,free,10
B,4003,1717,46.34,desktop,USA,free,14
A,2094,1563,31.19,tablet,DEU,free,9
A,4804,2122,10.53,mobile,USA,returning_user,9
C,4251,898,30.82,mobile,CAN,returning_user,16
A,3724,1430,39.43,mobile,BRA,returning_user,18
A,3721,634,31.37,tablet,BRA,premium,16
B,4811,2150,47.9,tablet,BRA,returning_user,11
C,4450,1268,16.61,mobile,CAN,free,21
B,3583,214,37.63,tablet,USA,returning_user,5
C,289,2018,1.16,desktop,CAN,premium,17
B,1451,634,45.16,mobile,JPN,new_user,22
C,3099,1208,35.38,mobile,USA,premium,11
A,1547,1734,39.35,tablet,JPN,premium,16
B,4970,1004,45.13,desktop,BRA,premium,8
C,1027,66,7.39,tablet,CAN,premium,16
B,2216,885,19.28,mobile,USA,free,22
B,3378,2957,49.27,desktop,USA,returning_user,11
B,2754,1306,30.71,tablet,DEU,new_user,6
C,3199,2805,9.14,desktop,USA,premium,19
C,4438,2741,4.04,desktop,CAN,free,15
C,1635,2561,7.49,tablet,USA,new_user,12
B,1888,560,12.73,desktop,BRA,returning_user,0
B,2169,658,45.01,tablet,BRA,new_user,13
A,2124,2386,25.65,mobile,JPN,returning_user,5
C,2239,2983,17.95,desktop,USA,new_user,1
B,4941,1405,16.4,mobile,CAN,premium,6
A,2097,762,16.31,tablet,DEU,free,15
A,3447,251,34.77,mobile,BRA,returning_user,17
C,3884,548,27.73,tablet,CAN,premium,9
C,1740,1272,7.74,desktop,JPN,premium,20
B,328,2083,12.54,mobile,BRA,free,6
C,3194,2407,35.51,mobile,BRA,returning_user,23
C,4989,2084,1.78,mobile,BRA,new_user,18
A,1068,517,3.77,desktop,DEU,new_user,14
A,3979,2315,11.92,mobile,BRA,returning_user,10
C,2964,2065,0.84,mobile,CAN,returning_user,19
A,503,2736,25.67,desktop,CAN,premium,0
C,3940,245,35.8,mobile,JPN,premium,15
C,547,693,2.49,mobile,DEU,free,4
B,3588,2375,39.01,desktop,JPN,premium,6
A,642,2467,19.44,mobile,DEU,new_user,0
B,2635,2806,31.0,tablet,DEU,premium,1
C,4801,506,33.74,desktop,BRA,new_user,0
A,1941,1646,49.16,desktop,JPN,returning_user,4
C,972,1372,6.42,mobile,BRA,returning_user,3
B,4935,203,6.64,tablet,CAN,returning_user,4
A,314,1560,23.38,tablet,JPN,returning_user,3
C,2335,2858,12.15,desktop,USA,new_user,10
A,3106,834,12.67,mobile,USA,returning_user,20
C,4746,2164,45.17,mobile,BRA,new_user,22
C,4627,2796,41.23,desktop,CAN,premium,10
A,931,1454,34.87,mobile,USA,new_user,13
B,2885,816,44.56,mobile,BRA,free,10
